customer_id,name,email,phone,city,join_date
CUST-10000,Samuel Tailor,tailorhemani@example.net,910495529822,Dubai,2024-01-23
CUST-10001,Megha Thakur,rrege@example.com,912185861941,Abu Dhabi,2024-08-08
CUST-10002,Girik Chana,wkalita@example.net,912363870199,Sharjah,2024-12-22
CUST-10003,Parth Dara,dhargaurang@example.com,8423567044,Sharjah,2025-12-24
CUST-10004,Nisha Chadha,chanchal42@example.org,8957505899,Ajman,2025-04-05
CUST-10005,Aradhana Varkey,sanayapadmanabhan@example.com,913060755954,Ajman,2024-11-20
CUST-10006,Qarin Kalita,ibedi@example.com,8590609378,Dubai,2025-11-04
CUST-10007,Rehaan Kulkarni,umangahuja@example.com,1599917289,Sharjah,2024-01-14
CUST-10008,Nirja Ghosh,dayalatharv@example.org,8362161821,Ajman,2025-04-22
